step,type,amount,oldbalanceOrg,newbalanceOrig,oldbalanceDest,newbalanceDest,isFraud
71,TRANSFER,91691.75,91691.75,0.0,0.0,0.0,1
6,PAYMENT,14432.84,0.0,0.0,0.0,0.0,0
6,PAYMENT,233.28,98837.0,98603.72,0.0,0.0,0
17,TRANSFER,1639676.27,1639676.27,0.0,0.0,0.0,1
74,TRANSFER,2451423.58,2451423.58,0.0,0.0,0.0,1
74,CASH_OUT,85637.08,85637.08,0.0,235137.06,320774.13,1
4,PAYMENT,6078.0,0.0,0.0,0.0,0.0,0
46,CASH_OUT,945131.85,945131.85,0.0,119561.47,1064693.32,1
1,CASH_IN,178912.5,2523302.08,2702214.59,302417.0,17504.47,0
7,CASH_OUT,38323.66,13746.0,0.0,73147.6,111471.26,0
5,PAYMENT,3141.09,671.0,0.0,0.0,0.0,0
69,CASH_OUT,2960254.17,2960254.17,0.0,620822.89,3581077.07,1
6,TRANSFER,17246.0,17246.0,0.0,0.0,101717.84,1
2,CASH_IN,297037.63,3173170.89,3470208.52,593737.38,1528227.01,0
92,CASH_OUT,1461930.03,1461930.03,0.0,3762496.73,5224426.76,1
1,CASH_OUT,134143.27,0.0,0.0,1754894.42,3940085.21,0
56,TRANSFER,2776135.33,2776135.33,0.0,0.0,0.0,1
7,PAYMENT,14182.4,52038.0,37855.6,0.0,0.0,0
1,DEBIT,8607.73,69674.0,61066.27,334656.69,176131.8,0
41,CASH_OUT,581889.94,581889.94,0.0,359585.03,941474.97,1
